,source,tool_name,api_name
0,rapidapi,weatherapi_com,realtime_weather_api
1,rapidapi,weatherapi_com,forecast_weather_api
2,rapidapi,weatherapi_com,ip_lookup_api
3,rapidapi,weatherapi_com,time_zone_api
4,rapidapi,weatherapi_com,astronomy_api
5,rapidapi,weatherapi_com,search_autocomplete_api
6,rapidapi,news_api,top_headlines
7,rapidapi,news_api,search
8,rapidapi,public_holiday,public_holidays
9,dev_tools,calendar,days_of_month
10,dev_tools,calendar,display_calendar_of_month
11,rapidapi,recipe_by_api_ninjas,v1_recipe
12,rapidapi,objects_detection,objects_detection
13,rapidapi,ocr_extract_text,extract_text_from_image_url
14,rapidapi,ocr_extract_text,extract_text_from_image_file
15,dev_tools,image_translation,image_translation
16,dev_tools,image_processing,compress_image
17,dev_tools,image_processing,resize_image
18,dev_tools,image_processing,convert_format
19,dev_tools,image_remove_bg,remove_bg
20,rapidapi,web_capture,take_image_screenshot
21,rapidapi,onecompiler_apis,execute_code
22,rapidapi,bing,web_search
23,rapidapi,bing_search_apis,images_search
24,rapidapi,google_api,video_search
25,rapidapi,skyscanner80,get_config
26,rapidapi,skyscanner80,flights_auto_complete
27,rapidapi,skyscanner80,flights_search_one_way
28,rapidapi,skyscanner80,flights_search_roundtrip
29,rapidapi,skyscanner80,flights_search_everywhere
30,rapidapi,skyscanner80,flights_search_incomplete
31,rapidapi,skyscanner80,flights_flight_detail
32,rapidapi,skyscanner80,flights_price_calendar
33,rapidapi,skyscanner80,hotels_hotel_auto_complete
34,rapidapi,skyscanner80,hotels_search
35,rapidapi,skyscanner80,hotels_hotel_detail
36,rapidapi,skyscanner80,hotels_prices
37,rapidapi,skyscanner80,hotels_reviews
38,rapidapi,skyscanner80,hotels_similar_hotels
39,rapidapi,skyscanner80,hotels_nearby_map
40,rapidapi,currency_exchange,listquotes
41,rapidapi,currency_exchange,exchange
42,rapidapi,geocoding_by_api_ninjas,v1_geocoding
43,rapidapi,geocoding_by_api_ninjas,v1_reversegeocoding
44,rapidapi,airports,query_airports_by_name
45,rapidapi,airports,get_airport_by_iata_code
46,rapidapi,airports,get_airport_by_icao_code
47,rapidapi,list_of_all_countries_and_languages_with_their_codes,list_of_all_countries
48,rapidapi,list_of_all_countries_and_languages_with_their_codes,list_of_all_languages
49,rapidapi,tourist_attraction,currencies
50,rapidapi,tourist_attraction,languages
51,rapidapi,tourist_attraction,typeahead
52,rapidapi,tourist_attraction,search
53,rapidapi,tourist_attraction,detail
54,rapidapi,tourist_attraction,photos
55,rapidapi,tourist_attraction,reviews
56,rapidapi,world_time_by_api_ninjas,v1_worldtime
57,rapidapi,google_translate,detect
58,rapidapi,google_translate,languages
59,rapidapi,google_translate,translate
60,rapidapi,ip_geo_location,visitor_lookup
61,rapidapi,ip_geo_location,ip_lookup
62,dev_tools,calculator,calculate
63,dev_tools,access_user_info,get_user_profile
64,dev_tools,agent_equipments,get_current_time
65,dev_tools,agent_equipments,get_my_location
